IlluminaID	SampleID	PatientID	Timepoint	Barcode1	Barcode2	SampleNumber	Lane
D13004D15_GCTCATGA-GTAAGGAG_S100_L003	D13004D15	D13004	15	GCTCATGA	GTAAGGAG	100	003
D13004D384_CGAGGCTG-CGTCTAAT_S189_L004	D13004D384	D13004	384	CGAGGCTG	CGTCTAAT	189	004
D13004D46_TAGGCATG-TTATGCGA_S7_L002	D13004D46	D13004	46	TAGGCATG	TTATGCGA	7	002
D13004D7_CTCTCTAC-ACTGCATA_S8_L002	D13004D7	D13004	7	CTCTCTAC	ACTGCATA	8	002
D13004PRE_TAGCGCTC-TCGACTAG_S9_L002	D13004PRE	D13004	PRE	TAGCGCTC	TCGACTAG	9	002
D17010D15_CGAGGCTG-ACTGCATA_S190_L004	D17010D15	D17010	15	CGAGGCTG	ACTGCATA	190	004
D17010D2_AGGCAGAA-GCGTAAGA_S101_L003	D17010D2	D17010	2	AGGCAGAA	GCGTAAGA	101	003
D17010D22_CGGAGCCT-ACTGCATA_S102_L003	D17010D22	D17010	22	CGGAGCCT	ACTGCATA	102	003
D17010D31_TAGCGCTC-TCGACTAG_S103_L003	D17010D31	D17010	31	TAGCGCTC	TCGACTAG	103	003
D17010D398_CGAGGCTG-GTAAGGAG_S191_L004	D17010D398	D17010	398	CGAGGCTG	GTAAGGAG	191	004
D17010D64_GCTCATGA-TTATGCGA_S10_L002	D17010D64	D17010	64	GCTCATGA	TTATGCGA	10	002
D17010D8_CGAGGCTG-GCGTAAGA_S11_L002	D17010D8	D17010	8	CGAGGCTG	GCGTAAGA	11	002
D17010PRE_GCTCATGA-TATCCTCT_S104_L003	D17010PRE	D17010	PRE	GCTCATGA	TATCCTCT	104	003
D18423D109_GTAGAGGA-GCGTAAGA_S105_L003	D18423D109	D18423	109	GTAGAGGA	GCGTAAGA	105	003
D18423D180_CGAGGCTG-CGTCTAAT_S106_L003	D18423D180	D18423	180	CGAGGCTG	CGTCTAAT	106	003
D18423D19_TAAGGCGA-CGTCTAAT_S12_L002	D18423D19	D18423	19	TAAGGCGA	CGTCTAAT	12	002
D18423D28_AGGCAGAA-TCGACTAG_S13_L002	D18423D28	D18423	28	AGGCAGAA	TCGACTAG	13	002
D18423D354_CGGAGCCT-ACTGCATA_S192_L004	D18423D354	D18423	354	CGGAGCCT	ACTGCATA	192	004
D18423D5_GTAGAGGA-TCGACTAG_S193_L004	D18423D5	D18423	5	GTAGAGGA	TCGACTAG	193	004
D18423D92_AGGCAGAA-ACTGCATA_S14_L002	D18423D92	D18423	92	AGGCAGAA	ACTGCATA	14	002
D18423PRE_TAGGCATG-CCTAGAGT_S107_L003	D18423PRE	D18423	PRE	TAGGCATG	CCTAGAGT	107	003
D18594D5_CGGAGCCT-TATCCTCT_S108_L003	D18594D5	D18594	5	CGGAGCCT	TATCCTCT	108	003
D18594PRE_GCTCATGA-GTAAGGAG_S15_L002	D18594PRE	D18594	PRE	GCTCATGA	GTAAGGAG	15	002
D19688D14_AGGCAGAA-TATCCTCT_S16_L002	D19688D14	D19688	14	AGGCAGAA	TATCCTCT	16	002
D19688D180_GGACTCCT-TTATGCGA_S109_L003	D19688D180	D19688	180	GGACTCCT	TTATGCGA	109	003
D19688D20_GGACTCCT-GTAAGGAG_S194_L004	D19688D20	D19688	20	GGACTCCT	GTAAGGAG	194	004
D19688D29_GGACTCCT-TTATGCGA_S195_L004	D19688D29	D19688	29	GGACTCCT	TTATGCGA	195	004
D19688D364_AGGCAGAA-CCTAGAGT_S110_L003	D19688D364	D19688	364	AGGCAGAA	CCTAGAGT	110	003
D19688D5_GTAGAGGA-TCGACTAG_S17_L002	D19688D5	D19688	5	GTAGAGGA	TCGACTAG	17	002
D19688D63_GCTCATGA-TCGACTAG_S111_L003	D19688D63	D19688	63	GCTCATGA	TCGACTAG	111	003
D19688D96_CGGAGCCT-CGTCTAAT_S112_L003	D19688D96	D19688	96	CGGAGCCT	CGTCTAAT	112	003
D19688PRE_CGTACTAG-ACTGCATA_S18_L002	D19688PRE	D19688	PRE	CGTACTAG	ACTGCATA	18	002
D19754D-1_GCTCATGA-GTAAGGAG_S196_L004	D19754D-1	D19754	-1	GCTCATGA	GTAAGGAG	196	004
D19754D-9_TAGCGCTC-CCTAGAGT_S25_L002	D19754D-9	D19754	-9	TAGCGCTC	CCTAGAGT	25	002
D19754D110_AAGAGGCA-GCGTAAGA_S197_L004	D19754D110	D19754	110	AAGAGGCA	GCGTAAGA	197	004
D19754D12_GGACTCCT-CGTCTAAT_S19_L002	D19754D12	D19754	12	GGACTCCT	CGTCTAAT	19	002
D19754D171_AGGCAGAA-TTATGCGA_S20_L002	D19754D171	D19754	171	AGGCAGAA	TTATGCGA	20	002
D19754D19_CGAGGCTG-TATCCTCT_S21_L002	D19754D19	D19754	19	CGAGGCTG	TATCCTCT	21	002
D19754D26_TAGCGCTC-GTAAGGAG_S22_L002	D19754D26	D19754	26	TAGCGCTC	GTAAGGAG	22	002
D19754D384_CTCTCTAC-TTATGCGA_S23_L002	D19754D384	D19754	384	CTCTCTAC	TTATGCGA	23	002
D19754D55_AAGAGGCA-CCTAGAGT_S198_L004	D19754D55	D19754	55	AAGAGGCA	CCTAGAGT	198	004
D19754D8_GGACTCCT-GTAAGGAG_S24_L002	D19754D8	D19754	8	GGACTCCT	GTAAGGAG	24	002
D19836D0_AAGAGGCA-GTAAGGAG_S26_L002	D19836D0	D19836	0	AAGAGGCA	GTAAGGAG	26	002
D19836D13_CTCTCTAC-TCGACTAG_S113_L003	D19836D13	D19836	13	CTCTCTAC	TCGACTAG	113	003
D19836D189_TAAGGCGA-ACTGCATA_S27_L002	D19836D189	D19836	189	TAAGGCGA	ACTGCATA	27	002
D19836D21_GCTCATGA-GCGTAAGA_S114_L003	D19836D21	D19836	21	GCTCATGA	GCGTAAGA	114	003
D19836D365_CGAGGCTG-TATCCTCT_S199_L004	D19836D365	D19836	365	CGAGGCTG	TATCCTCT	199	004
D19836D56_TAAGGCGA-CCTAGAGT_S200_L004	D19836D56	D19836	56	TAAGGCGA	CCTAGAGT	200	004
D19836D92_AAGAGGCA-CGTCTAAT_S115_L003	D19836D92	D19836	92	AAGAGGCA	CGTCTAAT	115	003
D19836PRE_CGTACTAG-TCGACTAG_S116_L003	D19836PRE	D19836	PRE	CGTACTAG	TCGACTAG	116	003
D19840D106_CGGAGCCT-GCGTAAGA_S201_L004	D19840D106	D19840	106	CGGAGCCT	GCGTAAGA	201	004
D19840D12_TAAGGCGA-TTATGCGA_S202_L004	D19840D12	D19840	12	TAAGGCGA	TTATGCGA	202	004
D19840D19_GCTCATGA-CCTAGAGT_S117_L003	D19840D19	D19840	19	GCTCATGA	CCTAGAGT	117	003
D19840D196_TAGGCATG-CGTCTAAT_S118_L003	D19840D196	D19840	196	TAGGCATG	CGTCTAAT	118	003
D19840D368_AGGCAGAA-GTAAGGAG_S119_L003	D19840D368	D19840	368	AGGCAGAA	GTAAGGAG	119	003
D19840D63_AGGCAGAA-TATCCTCT_S120_L003	D19840D63	D19840	63	AGGCAGAA	TATCCTCT	120	003
D19840D767_GGACTCCT-ACTGCATA_S121_L003	D19840D767	D19840	767	GGACTCCT	ACTGCATA	121	003
D19840PRE_AAGAGGCA-CGTCTAAT_S28_L002	D19840PRE	D19840	PRE	AAGAGGCA	CGTCTAAT	28	002
D20117D108_TAGCGCTC-TATCCTCT_S29_L002	D20117D108	D20117	108	TAGCGCTC	TATCCTCT	29	002
D20117D12_GCTCATGA-CCTAGAGT_S203_L004	D20117D12	D20117	12	GCTCATGA	CCTAGAGT	203	004
D20117D196_TAAGGCGA-GTAAGGAG_S122_L003	D20117D196	D20117	196	TAAGGCGA	GTAAGGAG	122	003
D20117D20_AGGCAGAA-GTAAGGAG_S204_L004	D20117D20	D20117	20	AGGCAGAA	GTAAGGAG	204	004
D20117D267_GGACTCCT-TATCCTCT_S205_L004	D20117D267	D20117	267	GGACTCCT	TATCCTCT	205	004
D20117D29_GGACTCCT-TCGACTAG_S206_L004	D20117D29	D20117	29	GGACTCCT	TCGACTAG	206	004
D20117D357_TAGGCATG-CCTAGAGT_S30_L002	D20117D357	D20117	357	TAGGCATG	CCTAGAGT	30	002
D20117D4_GCTCATGA-TCGACTAG_S207_L004	D20117D4	D20117	4	GCTCATGA	TCGACTAG	207	004
D20117D44_GGACTCCT-GCGTAAGA_S123_L003	D20117D44	D20117	44	GGACTCCT	GCGTAAGA	123	003
D20117D537_GCTCATGA-ACTGCATA_S124_L003	D20117D537	D20117	537	GCTCATGA	ACTGCATA	124	003
D20117D743_CTCTCTAC-ACTGCATA_S208_L004	D20117D743	D20117	743	CTCTCTAC	ACTGCATA	208	004
D20117D76_CTCTCTAC-CGTCTAAT_S125_L003	D20117D76	D20117	76	CTCTCTAC	CGTCTAAT	125	003
D20117PRE_CTCTCTAC-TATCCTCT_S126_L003	D20117PRE	D20117	PRE	CTCTCTAC	TATCCTCT	126	003
D20215D0_GGACTCCT-GCGTAAGA_S31_L002	D20215D0	D20215	0	GGACTCCT	GCGTAAGA	31	002
D20215D16_GTAGAGGA-ACTGCATA_S209_L004	D20215D16	D20215	16	GTAGAGGA	ACTGCATA	209	004
D20215D177_CGGAGCCT-ACTGCATA_S32_L002	D20215D177	D20215	177	CGGAGCCT	ACTGCATA	32	002
D20215D22_AGGCAGAA-TTATGCGA_S127_L003	D20215D22	D20215	22	AGGCAGAA	TTATGCGA	127	003
D20215D28_CGTACTAG-CCTAGAGT_S128_L003	D20215D28	D20215	28	CGTACTAG	CCTAGAGT	128	003
D20215D37_TAGGCATG-TTATGCGA_S210_L004	D20215D37	D20215	37	TAGGCATG	TTATGCGA	210	004
D20215D70_GGACTCCT-TTATGCGA_S33_L002	D20215D70	D20215	70	GGACTCCT	TTATGCGA	33	002
D20215D91_CGGAGCCT-GCGTAAGA_S129_L003	D20215D91	D20215	91	CGGAGCCT	GCGTAAGA	129	003
D20215PRE_AAGAGGCA-GCGTAAGA_S130_L003	D20215PRE	D20215	PRE	AAGAGGCA	GCGTAAGA	130	003
D20231D1_AAGAGGCA-GCGTAAGA_S34_L002	D20231D1	D20231	1	AAGAGGCA	GCGTAAGA	34	002
D20231D14_AGGCAGAA-TTATGCGA_S211_L004	D20231D14	D20231	14	AGGCAGAA	TTATGCGA	211	004
D20231D188_AAGAGGCA-CGTCTAAT_S212_L004	D20231D188	D20231	188	AAGAGGCA	CGTCTAAT	212	004
D20231D21_TAGGCATG-CGTCTAAT_S35_L002	D20231D21	D20231	21	TAGGCATG	CGTCTAAT	35	002
D20231D29_AGGCAGAA-TATCCTCT_S213_L004	D20231D29	D20231	29	AGGCAGAA	TATCCTCT	213	004
D20231D69_TAGGCATG-GCGTAAGA_S36_L002	D20231D69	D20231	69	TAGGCATG	GCGTAAGA	36	002
D20231PRE_GTAGAGGA-ACTGCATA_S37_L002	D20231PRE	D20231	PRE	GTAGAGGA	ACTGCATA	37	002
D20236D0_GGACTCCT-CGTCTAAT_S131_L003	D20236D0	D20236	0	GGACTCCT	CGTCTAAT	131	003
D20236D14_TAGCGCTC-GCGTAAGA_S38_L002	D20236D14	D20236	14	TAGCGCTC	GCGTAAGA	38	002
D20236D169_GGACTCCT-TCGACTAG_S39_L002	D20236D169	D20236	169	GGACTCCT	TCGACTAG	39	002
D20236D27_CTCTCTAC-TATCCTCT_S214_L004	D20236D27	D20236	27	CTCTCTAC	TATCCTCT	214	004
D20236D34_TAGCGCTC-TATCCTCT_S132_L003	D20236D34	D20236	34	TAGCGCTC	TATCCTCT	132	003
D20236D43_GTAGAGGA-GCGTAAGA_S215_L004	D20236D43	D20236	43	GTAGAGGA	GCGTAAGA	215	004
D20236D56_CTCTCTAC-GTAAGGAG_S133_L003	D20236D56	D20236	56	CTCTCTAC	GTAAGGAG	133	003
D20236D68_AGGCAGAA-ACTGCATA_S216_L004	D20236D68	D20236	68	AGGCAGAA	ACTGCATA	216	004
D20236D8_TAGCGCTC-GCGTAAGA_S217_L004	D20236D8	D20236	8	TAGCGCTC	GCGTAAGA	217	004
D20236D99_GCTCATGA-ACTGCATA_S40_L002	D20236D99	D20236	99	GCTCATGA	ACTGCATA	40	002
D20236PRE_AAGAGGCA-GTAAGGAG_S218_L004	D20236PRE	D20236	PRE	AAGAGGCA	GTAAGGAG	218	004
D20248D1_CTCTCTAC-ACTGCATA_S134_L003	D20248D1	D20248	1	CTCTCTAC	ACTGCATA	134	003
D20248D14_TAAGGCGA-TATCCTCT_S41_L002	D20248D14	D20248	14	TAAGGCGA	TATCCTCT	41	002
D20248D194_TAGCGCTC-TCGACTAG_S219_L004	D20248D194	D20248	194	TAGCGCTC	TCGACTAG	219	004
D20248D21_TAGGCATG-GTAAGGAG_S135_L003	D20248D21	D20248	21	TAGGCATG	GTAAGGAG	135	003
D20248D28_TAGCGCTC-TTATGCGA_S136_L003	D20248D28	D20248	28	TAGCGCTC	TTATGCGA	136	003
D20248D54_CGTACTAG-TATCCTCT_S42_L002	D20248D54	D20248	54	CGTACTAG	TATCCTCT	42	002
D20248D8_GCTCATGA-GCGTAAGA_S220_L004	D20248D8	D20248	8	GCTCATGA	GCGTAAGA	220	004
D20248PRE_GGACTCCT-ACTGCATA_S221_L004	D20248PRE	D20248	PRE	GGACTCCT	ACTGCATA	221	004
D20622D-1_TAGGCATG-GTAAGGAG_S43_L002	D20622D-1	D20622	-1	TAGGCATG	GTAAGGAG	43	002
D20622D11_CGAGGCTG-GTAAGGAG_S137_L003	D20622D11	D20622	11	CGAGGCTG	GTAAGGAG	137	003
D20622D14_AAGAGGCA-TCGACTAG_S138_L003	D20622D14	D20622	14	AAGAGGCA	TCGACTAG	138	003
D20622D167_TAAGGCGA-TTATGCGA_S139_L003	D20622D167	D20622	167	TAAGGCGA	TTATGCGA	139	003
D20622D20_CGGAGCCT-CCTAGAGT_S140_L003	D20622D20	D20622	20	CGGAGCCT	CCTAGAGT	140	003
D20622D25_CGTACTAG-GTAAGGAG_S222_L004	D20622D25	D20622	25	CGTACTAG	GTAAGGAG	222	004
D20622D276_TAGCGCTC-GCGTAAGA_S141_L003	D20622D276	D20622	276	TAGCGCTC	GCGTAAGA	141	003
D20622D28_CGTACTAG-GTAAGGAG_S44_L002	D20622D28	D20622	28	CGTACTAG	GTAAGGAG	44	002
D20622D32_GCTCATGA-TTATGCGA_S142_L003	D20622D32	D20622	32	GCTCATGA	TTATGCGA	142	003
D20622D64_TAAGGCGA-TCGACTAG_S45_L002	D20622D64	D20622	64	TAAGGCGA	TCGACTAG	45	002
D20622D7_TAGGCATG-TATCCTCT_S223_L004	D20622D7	D20622	7	TAGGCATG	TATCCTCT	223	004
D20622D90_GCTCATGA-ACTGCATA_S224_L004	D20622D90	D20622	90	GCTCATGA	ACTGCATA	224	004
D20622PRE_TAGGCATG-CGTCTAAT_S225_L004	D20622PRE	D20622	PRE	TAGGCATG	CGTCTAAT	225	004
D20653D103_GCTCATGA-TTATGCGA_S226_L004	D20653D103	D20653	103	GCTCATGA	TTATGCGA	226	004
D20653D7_TAAGGCGA-GCGTAAGA_S46_L002	D20653D7	D20653	7	TAAGGCGA	GCGTAAGA	46	002
D20653PRE_CTCTCTAC-TATCCTCT_S47_L002	D20653PRE	D20653	PRE	CTCTCTAC	TATCCTCT	47	002
D20726D0_TAGCGCTC-GTAAGGAG_S143_L003	D20726D0	D20726	0	TAGCGCTC	GTAAGGAG	143	003
D20726D174_CGTACTAG-GTAAGGAG_S144_L003	D20726D174	D20726	174	CGTACTAG	GTAAGGAG	144	003
D20726D28_CTCTCTAC-GCGTAAGA_S145_L003	D20726D28	D20726	28	CTCTCTAC	GCGTAAGA	145	003
D20726D366_CGGAGCCT-TCGACTAG_S48_L002	D20726D366	D20726	366	CGGAGCCT	TCGACTAG	48	002
D20726D62_AGGCAGAA-GCGTAAGA_S49_L002	D20726D62	D20726	62	AGGCAGAA	GCGTAAGA	49	002
D20726D97_CGAGGCTG-TCGACTAG_S146_L003	D20726D97	D20726	97	CGAGGCTG	TCGACTAG	146	003
D20726PRE_AAGAGGCA-TATCCTCT_S227_L004	D20726PRE	D20726	PRE	AAGAGGCA	TATCCTCT	227	004
D20784D113_GTAGAGGA-ACTGCATA_S147_L003	D20784D113	D20784	113	GTAGAGGA	ACTGCATA	147	003
D20784D171_AGGCAGAA-TCGACTAG_S228_L004	D20784D171	D20784	171	AGGCAGAA	TCGACTAG	228	004
D20784D24_AAGAGGCA-TTATGCGA_S229_L004	D20784D24	D20784	24	AAGAGGCA	TTATGCGA	229	004
D20784D61_AGGCAGAA-GTAAGGAG_S50_L002	D20784D61	D20784	61	AGGCAGAA	GTAAGGAG	50	002
D20784D7_TAAGGCGA-CCTAGAGT_S51_L002	D20784D7	D20784	7	TAAGGCGA	CCTAGAGT	51	002
D20784D89_CGAGGCTG-GCGTAAGA_S148_L003	D20784D89	D20784	89	CGAGGCTG	GCGTAAGA	148	003
D20784PRE_CGGAGCCT-CGTCTAAT_S230_L004	D20784PRE	D20784	PRE	CGGAGCCT	CGTCTAAT	230	004
D20923D15_GGACTCCT-CGTCTAAT_S231_L004	D20923D15	D20923	15	GGACTCCT	CGTCTAAT	231	004
D20923D22_CTCTCTAC-CGTCTAAT_S232_L004	D20923D22	D20923	22	CTCTCTAC	CGTCTAAT	232	004
D20923D8_GGACTCCT-GTAAGGAG_S149_L003	D20923D8	D20923	8	GGACTCCT	GTAAGGAG	149	003
D20923D98_CGGAGCCT-TTATGCGA_S150_L003	D20923D98	D20923	98	CGGAGCCT	TTATGCGA	150	003
D20923PRE_TAGCGCTC-CCTAGAGT_S233_L004	D20923PRE	D20923	PRE	TAGCGCTC	CCTAGAGT	233	004
D21044D102_CGAGGCTG-ACTGCATA_S152_L003	D21044D102	D21044	102	CGAGGCTG	ACTGCATA	152	003
D21044D10_TAGCGCTC-CGTCTAAT_S151_L003	D21044D10	D21044	10	TAGCGCTC	CGTCTAAT	151	003
D21044D20_CGTACTAG-TCGACTAG_S52_L002	D21044D20	D21044	20	CGTACTAG	TCGACTAG	52	002
D21044D27_AGGCAGAA-CCTAGAGT_S234_L004	D21044D27	D21044	27	AGGCAGAA	CCTAGAGT	234	004
D21044D60_GGACTCCT-TCGACTAG_S153_L003	D21044D60	D21044	60	GGACTCCT	TCGACTAG	153	003
D21044PRE_CGTACTAG-CGTCTAAT_S53_L002	D21044PRE	D21044	PRE	CGTACTAG	CGTCTAAT	53	002
D21276D13_TAGGCATG-ACTGCATA_S235_L004	D21276D13	D21276	13	TAGGCATG	ACTGCATA	235	004
D21276D183_GCTCATGA-GCGTAAGA_S54_L002	D21276D183	D21276	183	GCTCATGA	GCGTAAGA	54	002
D21276D30_AAGAGGCA-ACTGCATA_S236_L004	D21276D30	D21276	30	AAGAGGCA	ACTGCATA	236	004
D21276D5_CGAGGCTG-GCGTAAGA_S237_L004	D21276D5	D21276	5	CGAGGCTG	GCGTAAGA	237	004
D21276D89_CGAGGCTG-CCTAGAGT_S55_L002	D21276D89	D21276	89	CGAGGCTG	CCTAGAGT	55	002
D21276PRE_GTAGAGGA-TATCCTCT_S154_L003	D21276PRE	D21276	PRE	GTAGAGGA	TATCCTCT	154	003
D21281D2_AAGAGGCA-TATCCTCT_S56_L002	D21281D2	D21281	2	AAGAGGCA	TATCCTCT	56	002
D21281D49_TAAGGCGA-TTATGCGA_S57_L002	D21281D49	D21281	49	TAAGGCGA	TTATGCGA	57	002
D21281PRE_AAGAGGCA-CCTAGAGT_S155_L003	D21281PRE	D21281	PRE	AAGAGGCA	CCTAGAGT	155	003
D21309D0_AAGAGGCA-TCGACTAG_S238_L004	D21309D0	D21309	0	AAGAGGCA	TCGACTAG	238	004
D21309D10_TAGCGCTC-TTATGCGA_S239_L004	D21309D10	D21309	10	TAGCGCTC	TTATGCGA	239	004
D21309D15_AGGCAGAA-ATTAGACG_S94_L003	D21309D15	D21309	15	AGGCAGAA	ATTAGACG	94	003
D21309D181_CGGAGCCT-GTAAGGAG_S58_L002	D21309D181	D21309	181	CGGAGCCT	GTAAGGAG	58	002
D21309D22_TAAGGCGA-CGTCTAAT_S156_L003	D21309D22	D21309	22	TAAGGCGA	CGTCTAAT	156	003
D21309D29_TAAGGCGA-ACTGCATA_S157_L003	D21309D29	D21309	29	TAAGGCGA	ACTGCATA	157	003
D21309D365_GTAGAGGA-CGTCTAAT_S59_L002	D21309D365	D21309	365	GTAGAGGA	CGTCTAAT	59	002
D21309D58_TAAGGCGA-GTAAGGAG_S240_L004	D21309D58	D21309	58	TAAGGCGA	GTAAGGAG	240	004
D21309D98_AGGCAGAA-CCTAGAGT_S60_L002	D21309D98	D21309	98	AGGCAGAA	CCTAGAGT	60	002
D21309PRE_CTCTCTAC-CGTCTAAT_S61_L002	D21309PRE	D21309	PRE	CTCTCTAC	CGTCTAAT	61	002
D21376D20_CTCTCTAC-TTATGCGA_S241_L004	D21376D20	D21376	20	CTCTCTAC	TTATGCGA	241	004
D21376D358_TAGGCATG-GCGTAAGA_S158_L003	D21376D358	D21376	358	TAGGCATG	GCGTAAGA	158	003
D21376D50_CGTACTAG-GCGTAAGA_S62_L002	D21376D50	D21376	50	CGTACTAG	GCGTAAGA	62	002
D21376D6_CGTACTAG-GCGTAAGA_S159_L003	D21376D6	D21376	6	CGTACTAG	GCGTAAGA	159	003
D21376D95_AAGAGGCA-CCTAGAGT_S63_L002	D21376D95	D21376	95	AAGAGGCA	CCTAGAGT	63	002
D21376PRE_CGTACTAG-ACTGCATA_S160_L003	D21376PRE	D21376	PRE	CGTACTAG	ACTGCATA	160	003
D21590D19_CTCTCTAC-CCTAGAGT_S161_L003	D21590D19	D21590	19	CTCTCTAC	CCTAGAGT	161	003
D21590D6_TAAGGCGA-CGTCTAAT_S242_L004	D21590D6	D21590	6	TAAGGCGA	CGTCTAAT	242	004
D21590D97_CGTACTAG-CGTCTAAT_S162_L003	D21590D97	D21590	97	CGTACTAG	CGTCTAAT	162	003
D21590PRE_CGTACTAG-TTATGCGA_S243_L004	D21590PRE	D21590	PRE	CGTACTAG	TTATGCGA	243	004
D21593D-3_TAAGGCGA-TCGACTAG_S244_L004	D21593D-3	D21593	-3	TAAGGCGA	TCGACTAG	244	004
D21593D7_CGTACTAG-ACTGCATA_S245_L004	D21593D7	D21593	7	CGTACTAG	ACTGCATA	245	004
D21593PRE_AAGAGGCA-TCGACTAG_S64_L002	D21593PRE	D21593	PRE	AAGAGGCA	TCGACTAG	64	002
D21630D15_CTCTCTAC-GCGTAAGA_S246_L004	D21630D15	D21630	15	CTCTCTAC	GCGTAAGA	246	004
D21630D28_GTAGAGGA-TTATGCGA_S247_L004	D21630D28	D21630	28	GTAGAGGA	TTATGCGA	247	004
D21630D35_AGGCAGAA-TCGACTAG_S163_L003	D21630D35	D21630	35	AGGCAGAA	TCGACTAG	163	003
D21630D8_AAGAGGCA-TTATGCGA_S65_L002	D21630D8	D21630	8	AAGAGGCA	TTATGCGA	65	002
D21630D96_AAGAGGCA-ACTGCATA_S66_L002	D21630D96	D21630	96	AAGAGGCA	ACTGCATA	66	002
D21630PRE_CGTACTAG-CCTAGAGT_S67_L002	D21630PRE	D21630	PRE	CGTACTAG	CCTAGAGT	67	002
D21685D0_AGGCAGAA-ACTGCATA_S164_L003	D21685D0	D21685	0	AGGCAGAA	ACTGCATA	164	003
D21685D15_TAGCGCTC-ACTGCATA_S68_L002	D21685D15	D21685	15	TAGCGCTC	ACTGCATA	68	002
D21685D22_GTAGAGGA-GCGTAAGA_S69_L002	D21685D22	D21685	22	GTAGAGGA	GCGTAAGA	69	002
D21685D30_TAGGCATG-CCTAGAGT_S248_L004	D21685D30	D21685	30	TAGGCATG	CCTAGAGT	248	004
D21685D58_TAGCGCTC-CGTCTAAT_S70_L002	D21685D58	D21685	58	TAGCGCTC	CGTCTAAT	70	002
D21685D7_GTAGAGGA-TATCCTCT_S71_L002	D21685D7	D21685	7	GTAGAGGA	TATCCTCT	71	002
D21685NPE_TAAGGCGA-GCGTAAGA_S249_L004	D21685NPE	D21685	NPE	TAAGGCGA	GCGTAAGA	249	004
D21685PRE_CGTACTAG-TTATGCGA_S72_L002	D21685PRE	D21685	PRE	CGTACTAG	TTATGCGA	72	002
D21752D14_CGTACTAG-CGTCTAAT_S250_L004	D21752D14	D21752	14	CGTACTAG	CGTCTAAT	250	004
D21752PRE_GTAGAGGA-CGTCTAAT_S251_L004	D21752PRE	D21752	PRE	GTAGAGGA	CGTCTAAT	251	004
D21754D12_TAGCGCTC-CGTCTAAT_S252_L004	D21754D12	D21754	12	TAGCGCTC	CGTCTAAT	252	004
D21754D20_CTCTCTAC-CCTAGAGT_S73_L002	D21754D20	D21754	20	CTCTCTAC	CCTAGAGT	73	002
D21754D26_TAGGCATG-TTATGCGA_S165_L003	D21754D26	D21754	26	TAGGCATG	TTATGCGA	165	003
D21754D54_TAGCGCTC-ACTGCATA_S253_L004	D21754D54	D21754	54	TAGCGCTC	ACTGCATA	253	004
D21754D8_GCTCATGA-CGTCTAAT_S254_L004	D21754D8	D21754	8	GCTCATGA	CGTCTAAT	254	004
D21754PRE_AAGAGGCA-ACTGCATA_S166_L003	D21754PRE	D21754	PRE	AAGAGGCA	ACTGCATA	166	003
D18423D13_CTCTCTAC-TCTTACGC_S84_L003	D18423D13	D18423	13	CTCTCTAC	TCTTACGC	84	003
D18423D354_CGGAGCCT-ACTGCATA_S192_L004	D18423D354	D18423	354	CGGAGCCT	ACTGCATA	192	004
D19836D29_AAGAGGCA-AGAGGATA_S86_L003	D19836D29	D19836	29	AAGAGGCA	AGAGGATA	86	003
D19836D56_TAAGGCGA-CCTAGAGT_S200_L004	D19836D56	D19836	56	TAAGGCGA	CCTAGAGT	200	004
D19840D15_TAGCGCTC-CTAGTCGA_S87_L003	D19840D15	D19840	15	TAGCGCTC	CTAGTCGA	87	003
D19840D6_CGTACTAG-TCTTACGC_S88_L003	D19840D6	D19840	6	CGTACTAG	TCTTACGC	88	003
D20231D90_TAGCGCTC-CTCCTTAC_S89_L003	D20231D90	D20231	90	TAGCGCTC	CTCCTTAC	89	003
D20653D12_TAAGGCGA-AGAGGATA_S106_L004	D20653D12	D20653	12	TAAGGCGA	AGAGGATA	106	004
D20653D22_CGGAGCCT-CTCCTTAC_S107_L004	D20653D22	D20653	22	CGGAGCCT	CTCCTTAC	107	004
D20653D29_CGTACTAG-CTCCTTAC_S90_L003	D20653D29	D20653	29	CGTACTAG	CTCCTTAC	90	003
D20784D12_CGGAGCCT-ATTAGACG_S108_L004	D20784D12	D20784	12	CGGAGCCT	ATTAGACG	108	004
D21276D-2_TAAGGCGA-CTAGTCGA_S92_L003	D21276D-2	D21276	-2	TAAGGCGA	CTAGTCGA	92	003
D21276D57_CTCTCTAC-ACTCTAGG_S93_L003	D21276D57	D21276	57	CTCTCTAC	ACTCTAGG	93	003
D21630D57_CGGAGCCT-AGAGGATA_S95_L003	D21630D57	D21630	57	CGGAGCCT	AGAGGATA	95	003
D19836D8_GCTCATGA-ATTAGACG_S105_L004	D19836D8	D19836	8	GCTCATGA	ATTAGACG	105	004
D18423D54_TAGCGCTC-ATTAGACG_S85_L003	D18423D54	D18423	54	TAGCGCTC	ATTAGACG	85	003
